temp,mu,size,NC,Ea,ctag_max,phot,resp,totp,chlvol,ilpd,icbd,ichl,icha,itr,ilpb,irib,irub,clip,ctr,cp,cup,cri,cli,cgu,ctag,ctot,vtr,Qc,Qn,cic,vgl,DIN,light,vlb,D,esp,cin,pgl,pld,plb,pre,vri,vd,itag
5.0,0.38672279971727636,14.356171384582096,0.17666958896947763,0.661,2.4e7,423041.4379341457,140286.80962987075,1.4628012244598574e10,606.7228605351289,0.0,0.1835491378916176,0.027696571342204938,0.008120092976921569,0.0019923003779572096,0.01760579344576579,0.09447212640142033,0.1665639775641125,826328.1993106409,378.93871648193254,466.06981394199454,140.6530465931344,969.1802158170664,2.271036610370459e-25,1.683441715558449e7,2.629770126446656e6,1.4308282495665345e8,29926.090789219907,8.240261808650861e8,1.449392064677704e8,2.812457237708987e6,140286.80962987075,20.0,300.0,14850.57800705571,1.7077164196821014e10,0.9455794595057146,2.4954527296385304e6,2399.2944175205093,8.631342027288787e-29,254.88924159000464,254.4093824117954,53429.74876262837,28737.167376832585,0.7609072076589207
6.0,0.41934176579133076,13.970035066367835,0.17307905862007114,0.661,2.4e7,451496.71095211443,150058.35093004932,1.4381879217661663e10,649.249211386545,0.0,0.1819446717692816,0.03031988340148461,0.008937357777501188,0.0020460916343481295,0.019190713273241653,0.09282228167265588,0.16473900047148693,849394.8963182325,380.41601923979414,497.8635960926709,151.38561529387405,930.8348693112358,2.7567740675383026e-26,1.8007002111605916e7,2.899335986218087e6,1.544313884491249e8,31565.174733367905,8.245103871687931e8,1.418998264011429e8,2.7668977575917733e6,150058.35093004932,20.0,300.0,17466.660308435952,1.6997140410503614e10,0.94114845924652,2.3701181424929122e6,2324.824056544339,9.491144435108207e-30,271.58549679457064,273.71640041224157,56633.19052724704,34329.13275068139,0.7734180118729813
7.0,0.45359691989120415,13.633532393267693,0.16936946170306164,0.661,2.4e7,480574.65962210484,160122.6875336685,1.413077837355091e10,692.9728257285027,0.0,0.18022661799306258,0.03313975417180404,0.00981977778220502,0.0020961929340505827,0.020898072349318775,0.09104387689673209,0.16277570787282686,870592.0867581692,380.5817753629172,530.457725545597,162.5151001829057,891.5673687239303,0.0,1.921472250404022e7,3.1946233006238597e6,1.6640230783422306e8,33167.4768587079,8.253599180370859e8,1.3880078582222387e8,2.720028926054453e6,160122.6875336685,20.0,300.0,20488.546426786455,1.6917448163370823e10,0.9367358170573663,2.24734595804039e6,2248.809670614727,0.0,288.8049972888439,293.6813407686346,59821.324473595996,40867.00341964216,0.7858435522357833
8.0,0.48937687497239907,13.344261618856526,0.16554640720566394,0.661,2.4e7,510167.65483317815,170457.1953067281,1.3876152334308918e10,737.7583097148798,0.0,0.17839101706175117,0.0361630826396616,0.010769241988353735,0.0021419163921405165,0.02273320456554695,0.08913211696225494,0.1606694203902911,889701.9841042968,379.40320353515136,563.750937372352,174.00737234252776,851.5681066213674,0.0,2.045486343680737e7,3.518327479900877e6,1.7902242029925826e8,34715.92793612496,8.26663877779282e8,1.3565871766060668e8,2.672028720313343e6,170457.1953067281,20.0,300.0,23968.75204312309,1.6839189612144339e10,0.9324025603983328,2.127639552603282e6,2171.6433016289134,0.0,306.50734016649005,314.22560719439605,62966.72634874979,48477.55554685798,0.7981633309465437
9.0,0.5265285110996616,13.100184824654068,0.16161523555859192,0.661,2.4e7,540164.801752667,181038.92760054185,1.3619454815139914e10,783.4622926726461,0.0,0.17643436019038328,0.03939575919601167,0.011786992788632655,0.0021825521421068,0.024700863266448558,0.08708307119813692,0.15841640121828018,906520.6723989983,376.86262248619926,597.6393761897137,185.82291648293238,811.0336286174396,1.3514565277750457e-29,2.172467131206502e7,3.873543617512416e6,1.9232472575258878e8,36192.95921756906,8.28518261361297e8,1.3249042348295504e8,2.623076889419066e6,181038.92760054185,20.0,300.0,27964.89037252986,1.6763476649326784e10,0.9282102558142611,2.0114563079448019e6,2093.7201703577703,3.4732515254738445e-33,324.64768465847334,335.2582046799937,66040.3738713228,57297.104209681405,0.8103538744630988
10.0,0.5648526437009939,12.89964419922427,0.1575808460291562,0.661,2.4e7,570453.1607788448,191844.78602154594,1.3362106281695234e10,829.9343354489256,0.0,0.1743536640278755,0.04284246649704547,0.012873489307178314,0.0022173798184529575,0.026805063606175548,0.08489387909569723,0.156014057647575,920859.6908030675,372.9573496841281,632.0176311438171,197.91670430510848,770.1621036544387,0.0,2.3021374322585512e7,4.263837831672079e6,2.0634965124226636e8,37580.70620287882,8.310252234301877e8,1.2931239533881643e8,2.573349785288885e6,191844.78602154594,20.0,300.0,32539.890026223096,1.6691389097881966e10,0.9242186941324736,1.899193796622492e6,2015.4275463735348,0.0,343.1765958780081,356.6755301140346,69011.81313657796,67470.44862259539,0.8223889268735095
11.0,0.6041001656754855,12.741382314169865,0.15344757951349933,0.661,2.4e7,600918.6390486772,202851.49562819794,1.3105452550913338e10,877.0173095970322,0.0,0.1721465410012131,0.04650648499813241,0.014028271484203839,0.0022456821956511534,0.02904891977616655,0.08256295883788105,0.15346114170675199,932547.0177400532,367.6992614262366,666.7792935799454,210.23801601708684,729.1491894012764,0.0,2.434217947538375e7,4.693330005865798e6,2.2114635694615525e8,38861.2109185648,8.34292513356641e8,1.261403759358427e8,2.5230154487660225e6,202851.49562819794,20.0,300.0,37762.14713366893,1.6623932254364798e10,0.9204835395835373,1.7911801536086951e6,1937.134583073449,0.0,362.0396940742429,378.3611902486917,71849.31119477843,79149.25675385095,0.8342397080797997
12.0,0.6439689067177573,12.624566945695786,0.14921916578335928,0.661,2.4e7,631446.5339136996,214035.36694483913,1.285072835052315e10,924.5472146101829,0.0,0.16981126413853756,0.05038951123307018,0.015249830961075931,0.0022667607947643117,0.03143447940159177,0.08009021138927644,0.1507579420816838,941427.5783766968,361.11410682378306,701.8170017564278,222.73021285375515,688.1845031583408,1.763546860148601e-39,2.5684244033380695e7,5.166789871805871e6,2.3677410214917812e8,40016.62362010164,8.384331884480813e8,1.2298897847094555e8,2.4722291120055225e6,214035.36694483913,20.0,300.0,43705.579037648866,1.6561995442172838e10,0.9170540348534906,1.6876688405789684e6,1859.1836389830007,3.404169980326577e-43,381.17707603171846,400.1858704200962,74520.00110312922,92489.79032636146,0.8458752351148602
13.0,0.6841014747785863,12.5488214004838,0.1448987396192049,0.661,2.4e7,661921.7482194887,225371.84248653083,1.2599027285765755e10,972.3524596573336,0.0,0.16734682611360943,0.054491497955993486,0.016535495663026402,0.0022799531310597255,0.033962556337329794,0.07747721219144564,0.14790645860753554,947363.4389273935,353.24067238975675,737.0219826865805,235.33047697075318,647.4488382722528,9.362081641448898e-37,2.70446210983837e7,5.689748831194449e6,2.533037078894134e8,41029.407403562494,8.435657105898821e8,1.1987138064586465e8,2.421129233732516e6,225371.84248653083,20.0,300.0,50449.53658064741,1.6506312933519434e10,0.9139708372945614,1.588837517990068e6,1781.883455639455,1.6449001893630433e-40,400.52247908403183,422.00729693786093,76990.03243048153,107649.87551889109,0.8572627069769304
14.0,0.7240843584999527,12.514261750790642,0.14048892572510163,0.661,2.4e7,692228.7311180257,236834.8414872846,1.2351279058251705e10,1020.2526948158678,0.0,0.16475299341295174,0.05881052614165008,0.017881335579362504,0.0022846511400713984,0.03663256141104191,0.07472738221084552,0.14491055010407686,950233.8726205879,344.12988765757285,772.2831448381377,247.96954997773014,607.1121921501596,3.7826444935008985e-36,2.842018097847415e7,6.268630430817631e6,2.70819172763927e8,41882.55124817136,8.498145242475469e8,1.1679910035455416e8,2.3698341466130484e6,236834.8414872846,20.0,300.0,58078.519202813884,1.6457428277465796e10,0.9112640437327693,1.4947903841582967e6,1705.5044031649313,6.053273054251772e-40,420.00216151061574,443.6703555689154,79224.74633033485,124785.03843161145,0.868367954753214
15.0,0.7634485744919715,12.521542875901504,0.13599198815024757,0.661,2.4e7,722251.2241699164,248395.93276389543,1.2108234213129795e10,1068.0573310483705,0.0,0.16203035788669215,0.06334271952214664,0.019282097517693643,0.002280320199086947,0.0394423283845371,0.07184613027670796,0.14177604621313558,949935.4861428962,333.8439478132785,807.4858141744248,260.5715168739456,567.3326026384997,0.0,2.9807511931667447e7,6.91090298151435e6,2.894195192942343e8,42559.79830860196,8.573112088280674e8,1.1378185403771065e8,2.318439340556163e6,248395.93276389543,20.0,300.0,66681.62136049531,1.6415662797364302e10,0.9089514461399799,1.4055631390737116e6,1630.2758549121145,0.0,439.5334764060148,465.0074461994096,81188.89939666151,144043.75061968877,0.8791559589919924
16.0,0.8016721388321237,12.571915771731822,0.1314100362819381,0.661,2.4e7,751871.9078540882,260023.38181725304,1.1870456204625189e10,1115.5639348611894,0.0,0.15918038937880688,0.06808221280808092,0.020731176486040063,0.0022665180691793705,0.042387929664654524,0.06884095934956581,0.13851081424367248,946382.5841461249,322.45550931307827,842.5102376176625,273.05369724352704,528.255730255465,0.0,3.1202805818070363e7,7.625258432297283e6,3.092209698251787e8,43045.89670071499,8.661962976985681e8,1.1082749325999747e8,2.267015407724744e6,260023.38181725304,20.0,300.0,76351.61985503697,1.6381088839035395e10,0.9070370503588032,1.3211296693880132e6,1556.3856237215152,0.0,459.0231206019301,485.8391673976581,82846.96414043216,165561.77180800526,0.8895914350203616
17.0,0.8381846281735609,12.6672992669634,0.1267452764399792,0.661,2.4e7,780972.0457871836,271681.13403597777,1.163832019001863e10,1162.5567191759178,0.0,0.15620549445547488,0.07302118497802772,0.022220630775594687,0.0022429130312131926,0.045463473374401174,0.06572153055633623,0.13512477282895216,939507.9256367389,310.04699139348486,877.230000344427,285.3267188314907,490.01507755116677,1.0053312798816902e-36,3.260173608431733e7,8.421822254013298e6,3.3035957257011676e8,43326.8794996973,8.766218600790972e8,1.0794201091214676e8,2.2156066070366357e6,271681.13403597777,20.0,300.0,87183.58950932726,1.6353508278406912e10,0.9055098860491423,1.2414095962560978e6,1483.9812895608513,1.220297230222124e-40,478.3650478128709,505.97543164885064,84163.53564280075,189455.63681047235,0.8996394841751153
18.0,0.8723740726191069,12.810370131424055,0.1220002957566074,0.661,2.4e7,809431.2105378216,283327.81049614947,1.1412017688634884e10,1208.8053717521784,0.0,0.15310908719138783,0.0781499689768442,0.02374124673403793,0.0022093004852017655,0.04866087077501375,0.062499680405467106,0.1316298454320474,929263.9919324571,296.70999229773025,911.5105138161252,297.2948579360532,452.73270430118754,0.0,3.3999337259537935e7,9.31239971779151e6,3.529944190418918e8,43390.37913909857,8.887549496901224e8,1.0512960556519245e8,2.1642300211801794e6,283327.81049614947,20.0,300.0,99272.90978719115,1.633243682455947e10,0.9043431375321236,1.16627593965944e6,1413.1731709292635,0.0,497.43804852815896,525.2171093221898,85103.87330664306,215815.41272440567,0.9092663049412407
19.0,0.9035963900654829,13.004676651900436,0.11717836353230657,0.661,2.4e7,837127.1437075892,294915.80505126575,1.1191566062962996e10,1254.0644604454756,0.0,0.14989567819195074,0.08345724872104184,0.025282657601699704,0.002165617328134974,0.05196956143407215,0.059189388389808036,0.12803984833329257,915624.8434328635,282.54480568785846,945.207726934739,308.85673351073666,416.5202777383638,0.0,3.5389896606151894e7,1.0310764521903865e7,3.7731161198737323e8,43225.97885019554,9.027820330479584e8,1.0239279078327957e8,2.1128752491594497e6,294915.80505126575,20.0,300.0,112712.49893316295,1.6317094744641401e10,0.9034936302193322,1.095562299845453e6,1344.0386364340632,0.0,516.1030219933136,543.3582834453495,85634.60316018217,244696.94893089426,0.9184399530752068
20.0,0.9311875288166269,13.25478217603181,0.11228373478465593,0.661,2.4e7,863935.7525934168,306390.57904223574,1.097682167483799e10,1298.0736232815448,0.0,0.14657098711030014,0.088930353231746,0.02683351860266673,0.002111953515565962,0.05537618393833632,0.055806693958326964,0.12437030964305779,898588.5932645706,267.66000143974924,978.1671894734578,319.90643380808706,381.4802892159992,0.0,3.6766869485068284e7,1.1432996159542335e7,4.035291554630871e8,42825.60023035987,9.189145173036441e8,9.973253544037585e7,2.061504582960683e6,306390.57904223574,20.0,300.0,127589.08813732197,1.63064047336344e10,0.9029017126593968,1.0290690989269068e6,1276.6274126759822,0.0,534.2000025062879,560.1891646674068,85724.59939412506,276113.9502606041,0.9271311342964226
21.0,0.9544784283296758,13.566446990235214,0.10732194152706366,0.661,2.4e7,889731.1767716082,317690.25003220927,1.0767495524292015e10,1340.5586831593803,0.0,0.14314208142636514,0.09455565559935677,0.02838173771631101,0.002048560335934489,0.05886418353968874,0.052369563316001,0.12063821806634287,878180.4724036437,252.17201726256485,1010.2235513430041,330.3351318163762,347.70727109947296,0.0,3.812283000386511e7,1.2697872644562887e7,4.3190294233619684e8,42183.921596206055,9.373954982520163e8,9.714842117670746e7,2.0100536168151656e6,317690.25003220927,20.0,300.0,143978.33157780409,1.629899768067022e10,0.902491575824545,966568.5883441424,1210.9675148682334,0.0,551.5450584347437,575.499664073315,85346.05336328581,310030.3110840267,0.9353140073305882
22.0,0.9728128300213418,13.946859340049159,0.10230005948334846,0.661,2.4e7,914385.7747793469,328745.559988652,1.0563170187647148e10,1381.2337169436069,0.0,0.13961753981469094,0.10031908074562836,0.029914758193185113,0.001975855063479969,0.06241335612355846,0.04889770744156682,0.11686170261789032,854456.4052388939,236.2046943802232,1041.2005116175835,340.03320532602345,315.2888592744244,0.0,3.944946719863824e7,1.412732512246011e7,4.6273400515119123e8,41298.816631831585,9.585078393515917e8,9.463880397214887e7,1.9584322780714657e6,328745.559988652,20.0,300.0,161938.5476302478,1.6293226968889765e10,0.9021720449077224,907808.4419476491,1147.0714051032046,0.0,567.9272627133864,589.0835512973956,84475.72398113983,346353.2369337672,0.9429669693381167
23.0,0.9855678600362456,14.404929555920457,0.0972269414566803,0.661,2.4e7,937769.7932127482,339480.282814127,1.0363316940647877e10,1419.8039571580925,0.0,0.13600763188069334,0.10620671987963498,0.03141988497250277,0.0018944217855889015,0.06599934128440749,0.0454123528868934,0.11305964731027916,827506.960914515,219.8886832089776,1070.9111392388695,348.8928179192231,284.3065662908365,0.0,4.0737633937695235e7,1.5746960369051225e7,4.96377169530991e8,40171.797325593754,9.825836681472642e8,9.220096853404523e7,1.9065263031012777e6,339480.282814127,20.0,300.0,181502.9144181665,1.628719161863651e10,0.9018378607839039,852513.9097413344,1084.9419707773843,0.0,583.1060406512584,600.7430416895992,83096.34543933392,384927.72722225206,0.9500733903273967
24.0,0.9921771490207582,14.951665288391245,0.09211341280300993,0.661,2.4e7,959750.404352857,349812.08890765125,1.0167312102527718e10,1455.9692221013813,0.0,0.1323244976531373,0.11220554046801556,0.032884642880646464,0.0018050082984562333,0.06959309630420335,0.041935966283679,0.1092512481118621,797461.4965579081,203.36064395279072,1099.1583809050614,356.8108411963199,254.83615691721525,1.1486774373339398e-36,4.197745066891815e7,1.7586656068239808e7,5.3325120110534585e8,38808.439626368054,1.010015334434386e9,8.98312668769804e7,1.8541992692174257e6,349812.08890765125,20.0,300.0,202670.01503003546,1.6278768007409582e10,0.9013714363750425,800388.6573514101,1024.5779179303652,7.476455531008084e-41,596.8093318037753,610.2935705136363,81198.14700738681,425532.9731489797,0.9566222586563032
25.0,0.9913229769243639,5.044821356388695,0.2141910949654394,0.661,2.4e7,15080.257712494213,7628.290273752786,4.0195335212061863e9,20.426746117658983,0.004405198560812397,0.0,0.00990368790292669,0.4825462493109643,0.0,0.0,0.0,0.005357938058963223,2.3880139585964135e6,115.38213872461216,20.426746115893597,1.765386638014796e-9,20.754901313961792,134709.26226554925,556170.1334755362,2.746633097058839e6,4.9438498550043434e7,22993.84641665897,2.7035536221937984e8,6.904402393788175e7,2571.1860580712737,4634.751112296136,20.0,300.0,2950.6061841790643,4.538667605965578e9,0.251303148997555,3.2333943092086814e7,12.448271677968812,8.040213564346049,38.74687115954261,216.9058404583072,1501.0134821610427,60834.506848984,8.688034444908228e-8
26.0,0.9851280891152621,16.368660999004142,0.08181919239528554,0.661,2.4e7,998941.6882823227,368915.1051383513,9.783965429086409e9,1519.8771927439163,0.0,0.12479732217112001,0.12449370134134971,0.03564648816619527,0.001606003800878752,0.07666151042409992,0.03510418205714202,0.10169079203921434,728818.2169510549,170.23838892697418,1150.4258335580112,369.4513591859052,200.70420757921977,0.0,4.426981261660216e7,2.2071195667224325e7,6.187580063752022e8,35417.54594730272,1.0768924425017104e9,8.527769638623257e7,1.747643333181908e6,368915.1051383513,20.0,300.0,249565.9345502126,1.6245389000356855e10,0.89952320656157,704351.6006313298,909.1451590249812,0.0,618.5432100612604,622.4230127894093,75853.01131079726,511618.65668631875,0.9680343081958865
27.0,0.9704876155717751,17.355457307658604,0.07726517319940371,0.661,2.4e7,1.0078568070191621e6,379757.6044913558,9.573877588325756e9,1549.5782409831243,0.0,0.12214736207805771,0.1314552242140072,0.03779229190511319,0.0014971780199577332,0.07777251442958011,0.031782770736656814,0.09755265861662721,687563.6385064129,153.23533242815276,1170.6951417227453,378.8830992603789,175.45425885337863,0.0,4.55709125389627e7,2.400019737654164e7,6.574286332584424e8,33272.33024166777,1.1052815890750642e9,8.28756505974612e7,1.6756835857119989e6,379757.6044913558,20.0,300.0,266212.9591255534,1.6240374102505014e10,0.8992455262773689,665354.699540799,859.1848224809646,0.0,605.8893973565773,637.1572979735663,72151.38337940194,573821.7719351362,0.9721496154273642
28.0,0.9406769199284233,18.923266230569922,0.07419153069994684,0.661,2.4e7,988437.2128210618,396434.9391498061,9.302281497206583e9,1579.453551792297,0.0,0.12279436448100207,0.14046886896349434,0.042443021462130595,0.0013706978899409254,0.07246204319493561,0.02832735687207768,0.09213364713641879,630767.7544190879,133.81916957246443,1179.925639423086,399.5279123692109,149.16582252823417,3.031821328684815e-39,4.757219269797672e7,2.400019951221763e7,6.694363483833425e8,30316.74891404441,1.1039116025457225e9,7.991575210672125e7,1.5519929459209668e6,396434.9391498061,20.0,300.0,257442.0269248627,1.6299578918372286e10,0.9025237551219395,641552.9386708053,823.895354557437,1.4002036998995633e-43,538.4791626022596,682.5600077333329,66709.2821348175,692308.6039697207,0.9743912714595874
29.0,0.8898868083459832,21.20604057006687,0.07106475573482339,0.661,2.4e7,956721.2680656961,413481.61454750586,9.016672998464233e9,1599.8352692406588,0.0,0.12402025182700037,0.14990431522703962,0.04759940599578198,0.001223923536805905,0.06623732874617642,0.024660369443099316,0.08635440522409642,563018.475866708,113.4136249309086,1181.500416231477,418.334853009182,123.25291819665289,0.0,4.9617793745700695e7,2.400019977249295e7,6.817099588340914e8,26800.778048845994,1.1019842771003642e9,7.687506581072912e7,1.4172499949402385e6,413481.61454750586,20.0,300.0,242872.04321931762,1.636219713661675e10,0.9059909874111012,616504.7391759075,789.8062860286589,0.0,467.19210487915194,726.5582480026803,59898.35649385433,828845.5128937304,0.9770787984630513
30.0,0.8140409804059969,24.678015382493555,0.06792730605991103,0.661,2.4e7,911321.0884249677,430704.23057995416,8.714605222020477e9,1608.8082062940193,0.0,0.12593739824541555,0.15979980423202322,0.05331465918826094,0.001055885379848001,0.058925679260302705,0.02077852179317779,0.08018805190097174,483936.84314503655,92.29849498515267,1174.243933258437,434.56427303558223,97.96685769049984,2.760005099300574e-38,5.16845076695945e7,2.400019987259486e7,6.941102439790847e8,22744.361745340044,1.0992420560363078e9,7.374019389950676e7,1.2704033841535994e6,430704.23057995416,20.0,300.0,221456.56284972635,1.6423430689292974e10,0.9093815493971688,587191.8014633885,756.570828548983,1.0773773103673183e-42,392.07051289057046,767.683912280885,51688.42560789806,983740.3494788685,0.9802346781198158
31.0,0.7087706774798634,30.334781088414424,0.0648249076977655,0.661,2.4e7,851241.1798174197,447882.79617520206,8.394643828775017e9,1604.6864309489017,0.0,0.12868724113684815,0.1702206227112683,0.05965335006813303,0.0008660510365769914,0.05028631197232995,0.016684968424788064,0.07360145465005553,393799.1432620995,70.88776832845062,1157.2053408839492,447.4810900649525,73.66138741769053,4.46802305435056e-36,5.3745935541024245e7,2.4000199924871072e7,7.064788120440826e8,18210.74386529288,1.0954637156555083e9,7.050502067364874e7,1.109397829458626e6,447882.79617520206,20.0,300.0,192108.34717737674,1.6478632736158964e10,0.9124381409592655,548422.9226086688,723.9029406334782,1.6047923725103358e-40,313.29924194979304,804.3047171893359,42140.79775808206,1.1563995577378015e6,0.9838567205745067
32.0,0.5695562256027784,40.673368926662995,0.06179368903111484,0.661,2.4e7,776110.9175658773,464824.7833613577,8.056964540238728e9,1586.327016786864,0.0,0.13245229601416073,0.18127221321521247,0.06669930948588647,0.000654570978815211,0.039980152005559405,0.012390138655198207,0.06655131964516754,293780.00377798034,49.73567804189648,1129.8840814539983,456.44293533286583,50.77783150445877,0.0,5.577897400336292e7,2.400019995658303e7,7.18677043325506e8,13316.286570540922,1.0905329295632634e9,6.717385030043422e7,929745.2573675138,464824.7833613577,20.0,300.0,153742.0836788083,1.6524731924076069e10,0.9149906982487809,492151.68353706185,691.652290842488,0.0,231.22643207979178,834.815672345843,31435.26257742582,1.345254868007364e6,0.9879072920839927
33.0,0.39188339729815796,64.21854186334349,0.058844676652563654,0.661,2.4e7,686346.8664236454,481431.6846203231,7.703706703439441e9,1553.4126572654543,0.0,0.13747343394934225,0.19311762585903036,0.07456946908797445,0.00042259661658473755,0.02752895894098501,0.007909862690178293,0.05897805285590492,186118.14498065886,29.514861831979527,1092.4255832339838,460.9870740314705,29.796851079708908,0.0,5.777180215443877e7,2.4000199977632206e7,7.30634012568748e8,8233.740491714125,1.0845008853382835e9,6.376188679391937e7,720495.9298705864,481431.6846203231,20.0,300.0,105313.51682223007,1.6561683620634884e10,0.917036749924393,406633.65012417315,659.8580996859358,0.0,146.34782325286193,857.8942344717868,19881.117663795187,1.54788441991512e6,0.9923048169615099
34.0,7.023380723869643e-12,5.360346187273493,0.31195369934877315,0.661,2.4e7,0.0,1.8669031077155646e-6,3.685731874293143e9,0.0,5.345458564697917e-11,0.146879616771235,0.27144723175161045,0.01079060087265233,0.0336167286136854,0.013311246050971982,0.011114214746933072,0.012840361191720693,2.2386613813296426e6,3.2158371841392703e-9,0.0,0.0,8.47578809546011e-8,4.2422340654872334e-5,0.00011090213117954153,1.5267460952984156e7,2.4427937524909067e8,9.344919692776151e-7,4.476312293991585e8,2.2140570271159244e8,5.035468852263327,9.241844264961794e-7,20.0,300.0,5.166648979741269e-9,6.3163186250483885e9,0.35709712884869516,1.878990493078591e8,1.1674124687779555e-9,1.1908245924223767e-9,1.2967413421987174e-8,0.02518020823415525,3.208013466596027e-8,0.0,0.7091605309369314
35.0,0.0017117618054740267,58.1933556177327,0.061451267317510126,0.661,2.4e7,3086.653533480299,2986.301512017533,3.7968785609532886e9,5.703157346095594,0.00011992090142240166,0.0009440508015296274,0.02458654893250114,0.35860781928553714,0.0006163106667791732,0.10895820594214983,0.004309692253047886,0.0019519280052693196,206234.61757963253,0.0031508712807967482,5.6419825876156695,0.0611747584799243,0.640482395024555,4199.073748521876,347158.6514460456,2.4000104243620515e7,3.8615180498658085e8,0.9535032665896984,5.620374051726949e8,3.4500159741508834e7,457.17059957683153,2892.98876205038,20.0,300.0,184.11324801044472,3.8536873628367076e9,0.9633378862655293,906.3833630156503,3.3697091973248576,0.10868926831542038,4.905311779454176,127.66048570922177,1.8979308783693167,11283.916163719901,0.49367748315625287
5.0,0.1965360417410288,5.057550582734221,0.1890458218154065,0.661,2.4e7,27752.989522012533,8622.380511242758,4.645360807366884e9,47.28722753474124,0.0,0.12863523311806246,0.024613691075753643,0.011156453373636986,0.06448378355578588,0.09542084705821582,0.05109367961232777,0.12459631220621738,2.3455839024737743e6,1075.6412061934464,29.806202957837634,17.481024576903607,45.96960657632102,0.0,1.034685661349131e6,875268.5215233964,2.021241031246913e7,1261.5902550579895,2.702883515979599e8,4.275003963264027e7,1.3938348746883783e6,8622.380511242758,0.1,300.0,7033.484293826683,4.679492589529404e9,0.2591081925818375,154750.56141364382,147.46667545540535,0.0,121.15516329839699,30.654979739413417,2381.377889345305,5521.742042961516,0.27175058223784215
6.0,0.2082084935139163,5.056402666614113,0.1886610143907567,0.661,2.4e7,29353.991379689185,9188.201906544458,4.620141297980035e9,50.256574770459935,0.0,0.12752414163698697,0.026865299626476363,0.012150641438762193,0.06470884956553818,0.0969827062633999,0.04916801299199075,0.12260034847684569,2.346742784219176e6,1051.0289756071516,31.616288055134802,18.640286715325132,43.07451093332635,0.0,1.1025842287853349e6,974552.3579494247,2.22083430999028e7,1295.1914699235895,2.7114352911387795e8,4.2464224698018186e7,1.3808788310122243e6,9188.201906544458,0.1,300.0,7683.576200733463,4.66611283143661e9,0.2583673357490003,148181.68311511478,142.35097677888427,0.0,119.90217178279639,32.50934166566914,2456.510612656177,6485.6978086992085,0.29342540070470874
7.0,0.21997509951195798,5.055742536166546,0.18824108001826526,0.661,2.4e7,31071.17576286953,9807.868715231018,4.597342147142412e9,53.45225890725061,0.0,0.12648360216590687,0.029288198591181154,0.01320229927090559,0.06476617681816703,0.09845418986506321,0.04722424137162606,0.12058129191715015,2.3476759977246253e6,1026.2932603097788,33.57466533216462,19.877593575085992,40.36220582795215,0.0,1.176944245827722e6,1.086690691014076e6,2.4448716531191546e7,1328.329474122166,2.723502672209842e8,4.220199789303402e7,1.3686371288163809e6,9807.868715231018,0.1,300.0,8394.168379063172,4.656117477105654e9,0.25781387726607774,141921.3138014088,137.74456546198988,0.0,118.75151500420267,34.461227917737396,2532.012999185382,7604.092932504551,0.31641661753165096
8.0,0.23174845222528756,5.055586279850372,0.1877809959308918,0.661,2.4e7,32917.52395657969,10488.27980266228,4.576904920501502e9,56.89864898413208,0.0,0.12551168126744328,0.03189154266727878,0.01431016844815395,0.0646469166187445,0.09983340539882113,0.04526498006410447,0.11854130553545392,2.34837571144195e6,1001.4379742500807,35.69907302572927,21.199575958402807,37.82032534421865,0.0,1.2585935763194736e6,1.2136595304312317e6,2.697011394481655e7,1360.8859349470047,2.739424718215484e8,4.196254025678419e7,1.3572137435923899e6,10488.27980266228,0.1,300.0,9172.179489894717,4.6495732630605345e9,0.25745151231851715,135948.2516971945,133.62183120563373,0.0,117.71555804994235,36.515642386089304,2607.7279071907437,8899.175358968332,0.3407208093790572
9.0,0.24343042113201607,5.055955599445271,0.18727511870176128,0.661,2.4e7,34907.88633685876,11237.23501230743,4.5587831786952e9,60.62329174537301,0.0,0.12460485363232644,0.03468447988833942,0.015472138968479154,0.06434327089050133,0.10111923088605142,0.0432932497093444,0.11648277602495785,2.348831612818496e6,976.4663356012702,38.00968104923693,22.61361069613608,35.43733174320969,0.0,1.3484682014768915e6,1.3577856218535285e6,2.9815379158517808e7,1392.734032534998,2.7596083430842966e8,4.1745139266231e7,1.3467321313977644e6,11237.23501230743,0.1,300.0,10025.593271237769,4.646575540535238e9,0.25728552065347043,130242.67794066812,129.95893157427318,0.0,116.80720679637261,38.67786182178083,2683.478892621299,10395.968145000912,0.3663139557957812
10.0,0.25491260179941916,5.05687832506857,0.18671711725577234,0.661,2.4e7,37059.24717191897,12063.536009314512,4.542942052139853e9,64.65729491759163,0.0,0.12375789867517105,0.037676060726493675,0.01668516175158007,0.0638487760967867,0.10231127757282955,0.0413125184744015,0.11440830670273747,2.349030685613328e6,951.3809094812201,40.52939999133543,24.127894926256193,33.202456310127054,0.0,1.4476243211177413e6,1.5218139284216466e6,3.3034768781452794e7,1423.7380267006715,2.78453961089366e8,4.1549182428017184e7,1.3373353317429877e6,12063.536009314512,0.1,300.0,10963.634130276936,4.647249641109489e9,0.25732284186341603,124786.10007209175,126.73361254191676,0.0,116.03983534737948,40.95342574303874,2759.067680230381,12122.542138122999,0.39314777010263535
11.0,0.2660771932920208,5.058389027837611,0.18609990698229426,0.661,2.4e7,39391.014990067546,12977.093598861107,4.529357760772827e9,69.03573329457238,0.0,0.12296383725530804,0.040875132870053836,0.017945173676574038,0.06315860551424118,0.10340981035652089,0.039326739347242554,0.11232070098005947,2.348956951458487e6,926.1836508932035,43.284215627545485,25.751517667026892,31.10564453493453,2.206512002299743e-37,1.5572512318633327e6,1.7089884077478831e6,3.668732191514613e7,1453.7528105968565,2.814797169148082e8,4.1374150337050766e7,1.3291855593796433e6,12977.093598861107,0.1,300.0,11996.963463444574,4.651752298436155e9,0.2575721544408709,119561.31164919534,123.92502564639953,4.682473851002984e-41,115.4271731841601,43.34811361784965,2834.271312912925,14110.300525284909,0.421146234478159
12.0,0.27679837048101386,5.0605297382650845,0.18541558860230697,0.661,2.4e7,41925.335882238694,13989.040295303676,4.518017043396683e9,73.79806997736452,0.0,0.12221392071311644,0.04429022203055111,0.01924704229382545,0.062269880669782535,0.10441562064809372,0.03734037904542128,0.11022293459920948,2.3485911741295764e6,900.8759499741665,46.30354557977155,27.494524397592972,29.137505522058223,1.6604109873336715e-39,1.6786848354364408e6,1.9231485116552047e6,4.084248519910192e7,1482.6234553355034,2.851068182380586e8,4.1219608912386276e7,1.3224631893979444e6,13989.040295303676,0.1,300.0,13137.895379381174,4.66027307050583e9,0.2580439543640729,114552.36647334944,121.51353868917052,3.2050870695941802e-43,114.98314260267453,45.86790659522019,2908.8389781987594,16394.271904499285,0.4502026464896571
13.0,0.28694420216597866,5.0633507854146185,0.18465539619063293,0.661,2.4e7,44687.42498756932,15111.846089720813,4.508916460032215e9,78.98858055316887,0.0,0.1214976827997083,0.047929399487804586,0.020584537713134697,0.06118197872231761,0.10532985166752377,0.03535843422646799,0.10811811538304306,2.347910522686771e6,875.4586809192621,49.62061225734007,29.367968295828806,27.289265513522633,0.0,1.8134215307664974e6,2.168844350348471e6,4.558203879017452e7,1510.1847499392982,2.894167203842443e8,4.1085200528615825e7,1.3173650477989225e6,15111.846089720813,0.1,300.0,14400.629149137703,4.673035692472948e9,0.25875063003728827,109744.56428383179,119.4805359638155,0.0,114.72164024462569,48.51892971447931,2982.4885243807703,19013.40586746111,0.48017756360796615
14.0,0.2963791409513231,5.066911771974006,0.18380966002065321,0.661,2.4e7,47705.90842598827,16359.43439769988,4.502061526123489e9,84.6567631702358,0.0,0.12080306389693057,0.051800138076007515,0.021950339741847475,0.059896818780154876,0.10615377946475499,0.03338643029875614,0.10600942974154848,2.3468881904590814e6,849.9322565699575,53.27282295684933,31.383940213386477,25.55272543654818,0.0,1.9631321277239856e6,2.4514738609632608e6,5.1002374541756086e7,1536.2607433700969,2.945058477842247e8,4.097063374035791e7,1.314101916782852e6,16359.43439769988,0.1,300.0,15801.49358637569,4.690299269339417e9,0.25970652833061636,105124.44339172581,117.80820433070849,0.0,114.65625610280367,51.307370864142236,3054.902699879221,22010.863032308436,0.5108980595235804
15.0,0.3049670733941092,5.071282704347482,0.1828677907949213,0.661,2.4e7,51013.16439606602,17747.293918537984,4.497465636048383e9,90.85771142701503,0.0,0.12011661368774068,0.055909159148585554,0.023336087934600173,0.05841910653644763,0.10688855861211637,0.03143039797496333,0.10390007610554627,2.3454929662513663e6,824.2966907052469,57.30214399259122,33.55556743442381,23.920222383629117,0.0,2.129675270224558e6,2.777445834397308e6,5.7217184971704274e7,1560.6642973559447,3.004882237826018e8,4.087567131044712e7,1.3128951668582454e6,17747.293918537984,0.1,300.0,17359.196146787974,4.712359195424572e9,0.26092800549170314,100679.77398799024,116.47930158712532,0.0,114.799925627672,54.23937263400695,3125.725172160354,25434.288275270177,0.5421586988401312
16.0,0.3125748702238368,5.076545301004984,0.18181829235480246,0.661,2.4e7,54645.64793767295,19292.580636087965,4.495148733376179e9,97.6524202493417,0.0,0.11942377392973555,0.06026227396134213,0.024732480931286355,0.056756514036037146,0.10753494738744453,0.02949682309515105,0.10179318665900315,2.343688753780501e6,798.5516702585473,61.755450946439915,35.89696930290178,22.384594919257815,0.0,2.3151096763305557e6,3.1543731991911577e6,6.436062924504186e7,1583.1966613064901,3.0749856415959424e8,4.080011628125068e7,1.3139724278744068e6,19292.580636087965,0.1,300.0,19095.06668258591,4.739547661813486e9,0.26243345524342765,96399.54433998984,115.47690417932664,0.0,115.16451322806914,57.32089346291792,3194.5564069775196,29336.052154858357,0.5737245644324258
17.0,0.3190763195202181,5.082794508425293,0.18064880969031538,0.661,2.4e7,58644.17927295393,21014.20251132055,4.495135690307919e9,105.10798802137663,0.0,0.11870923716573005,0.06486422375118073,0.026129429024443925,0.05491977068481565,0.10809303283710288,0.027592566337113458,0.09969174019961337,2.341434034398684e6,772.6966439712206,66.68483186248852,38.423156158888105,20.93915217855529,0.0,2.5217043013584656e6,3.5913015626946175e6,7.259105081126468e7,1603.6470921743517,3.1569590713467985e8,4.0743795905503884e7,1.3175622135854112e6,21014.20251132055,0.1,300.0,21033.282655638017,4.772233588106478e9,0.2642433050042563,92273.93138962434,114.78413270209874,0.0,115.76032927030259,60.55753512439899,3260.9495292753454,33773.44114513092,0.6053365271252209
18.0,0.3243562604281274,5.090140257356552,0.1793462177762283,0.661,2.4e7,63054.16868825102,22932.876829002333,4.497454340098793e9,113.29766803897246,0.0,0.11795737042489436,0.06971852362892005,0.027516260372649762,0.05292264253604709,0.1085619816629359,0.025724750914324784,0.09759847046022807,2.3386812699877364e6,746.7309009279109,72.14781217939033,41.14985585958214,19.577645829302895,0.0,2.75194521948028e6,4.09897863879895e6,8.209532953766488e7,1621.7924766641781,3.2526785999234575e8,4.070654311649294e7,1.3238874031138532e6,22932.876829002333,0.1,300.0,23201.058821356994,4.8108217540887575e9,0.2663799678094201,88294.24508627062,114.383851730686,0.0,116.59558473579537,63.954332688197525,3324.4061676752985,38808.771449392414,0.6367187296123398
19.0,0.32831469518338074,5.09870951631877,0.177896753188749,0.661,2.4e7,67925.75121859342,25071.150104787273,4.502133191719749e9,122.30072519968095,0.0,0.11715268629769157,0.0748273157261791,0.028881976309449813,0.05078178457276639,0.10893984116459039,0.023900620063491536,0.09551577586583115,2.335376232061499e6,720.6537285920931,78.20747031708513,44.09325488259582,18.294246832350957,0.0,3.0085380125744725e6,4.690171002056319e6,9.309396410834795e7,1637.3971579900983,3.364355591349948e8,4.068817602664009e7,1.3331575082197112e6,25071.150104787273,0.1,300.0,25628.782207398177,4.855750975410305e9,0.26886774129298896,84452.84495034712,114.25835382004864,0.0,117.67579939932517,67.51550895300433,3384.372781150674,44509.398041923494,0.6675879964595033
20.0,0.33087058476760045,5.1086486840642795,0.17628618662654508,0.661,2.4e7,73313.78677872177,27453.363926777696,4.509198702207386e9,132.20202787122273,0.0,0.11628033716054618,0.08019123813317204,0.030215546528972254,0.048516453174982765,0.10922342068402739,0.02212736694559588,0.09344563737270342,2.331457260364861e6,694.4645077892494,84.93239251095478,47.26963536026794,17.083522974759163,0.0,3.2944036712133233e6,5.3800352183568645e6,1.0584698552098978e8,1650.2126917764344,3.4945943865487903e8,4.0688474575699635e7,1.3455595949884914e6,27453.363926777696,0.1,300.0,28350.066954062328,4.9074909242250595e9,0.2717326316467339,80743.01496807225,114.38901636157374,0.0,119.00316858650555,71.24418526107617,3440.23700040503,50947.579444256204,0.6976645873936806
21.0,0.33196505841734986,5.120126415828789,0.17450002648661375,0.661,2.4e7,79277.69010144073,30105.552987489384,4.518672185984764e9,143.0913243858959,0.0,0.11532660454723019,0.08580931571786435,0.031506228899259955,0.0461480840586555,0.10940826908927899,0.020411945796894312,0.09138955189081671,2.3268544279666613e6,668.1628923866369,92.39642507829134,50.69489930760455,15.94042040606583,4.774031685847784e-36,3.6126663584987256e6,6.186551499928191e6,1.2066082214984341e8,1659.9778630071924,3.6464593106226856e8,4.070715532953742e7,1.3612477929238724e6,30105.552987489384,0.1,300.0,31401.703290935868,4.966537410038245e9,0.2750020923141945,77158.80675919322,114.75595074541233,4.043909147302487e-40,120.5759147045333,75.1420537419288,3491.3247225060927,58200.1588014492,0.7266834862951222
22.0,0.33156375398161947,5.133336972730907,0.1725237369120665,0.661,2.4e7,85881.03666621444,33055.254843801384,4.530566281077915e9,155.0621296779792,0.0,0.11427935357394126,0.09167887963868775,0.03274389493364857,0.043699748070216614,0.1094887619981306,0.01876087393610507,0.08934848784927019,2.3214886057925625e6,641.7489892927243,100.6781613606754,54.383968317303776,14.860246461641623,0.0,3.966630581256166e6,7.131028792196067e6,1.3789624416267407e8,1666.418819658479,3.8235522408183384e8,4.074384400543022e7,1.380331268391716e6,33055.254843801384,0.1,300.0,34823.468367263136,5.033405681338698e9,0.27870465309568393,73694.85092062128,115.3376417343328,0.0,122.38763583971391,79.20900492675739,3536.897716434685,66348.01033711525,0.7544052543837111
23.0,0.3296580774399479,5.148504227894334,0.17034294555151644,0.661,2.4e7,93190.88957354217,36331.21042296269,4.544880965865038e9,168.21015365313497,0.0,0.11312842423980696,0.0977955218614094,0.03391933911740017,0.04119551286182722,0.10945829622869437,0.017180037621699035,0.08732286806916285,2.3152704061724083e6,615.2235707040452,109.86009908461811,58.35005456851687,13.838653955082378,0.0,4.359745250755523e6,8.238691275296603e6,1.579775319092788e8,1669.249426319597,4.0301021743220925e8,4.07980459919262e7,1.4028605757611373e6,36331.21042296269,0.1,300.0,38657.76352542172,5.108621352255192e9,0.2828694177482236,70346.14948483864,116.11058736686282,0.0,124.42666938220583,83.44270861103584,3576.1519694313106,75475.19631130897,0.7806254678527368
24.0,0.3262652535469547,5.165886497766184,0.167943610825429,0.661,2.4e7,101276.78210644212,39962.93078677039,4.561599082412333e9,182.63119547044062,0.0,0.11186593641271433,0.10415309044448359,0.035024550413569285,0.03865974846004165,0.10930957641259666,0.015674515334153843,0.08531258252244067,2.3080989832009715e6,588.5883177528458,120.02739247235266,62.60380299808797,12.871626291394513,0.0,4.795551694412447e6,9.539357194247074e6,1.8140302527442786e8,1668.171880468893,4.271068341628982e8,4.08691148146479e7,1.4288123203306126e6,39962.93078677039,0.1,300.0,42949.03659579472,5.192708456610651e9,0.28752540252668224,67107.8642594672,117.04894632933573,0.0,126.67548208319134,87.8381423577083,3608.216859502669,85667.7721649875,0.8051818931734477
25.0,0.3214271501247217,5.185782418281953,0.16531211715994631,0.661,2.4e7,110209.28006941473,43980.10235986509,4.580681300357459e9,198.41842115548332,0.0,0.11048649318496459,0.11074373013724062,0.03605292720217569,0.03611642169845037,0.10903496601336084,0.014248431369780917,0.083317030394027,2.299860662300167e6,561.8460995490361,131.26611199957375,67.15230915590955,11.955462923698775,3.549186690415949e-33,5.277612283183811e6,1.1068221731900353e7,2.0875722140950853e8,1662.8776530131531,4.55225850516642e8,4.0956218333440445e7,1.4580721304462447e6,43980.10235986509,0.1,300.0,47742.940295559296,5.286174045228503e9,0.2927006833213883,63975.11781906253,118.12419897759057,2.118356116777329e-37,129.11009119315358,92.38705977746265,3632.1552648028423,97012.17038624962,0.8279588205337577
26.0,0.31520797379341814,5.208538151669457,0.16243527157408857,0.661,2.4e7,120058.0336626928,48411.79868369089,4.602060419654347e9,215.6589302097091,0.0,0.10898727687392551,0.11755797098839285,0.036999422548311865,0.033588426064227635,0.10862686574452193,0.012904850249239434,0.08133518753138078,2.290427365909137e6,535.0012927009666,143.66090971268832,71.99802049702078,11.08676479795053,1.669878972960143e-37,5.809415842042906e6,1.2866756046418943e7,2.407245917949605e8,1653.0488280130062,4.880464102291688e8,4.10583021859871e7,1.4904160499190197e6,48411.79868369089,0.1,300.0,53085.1674646127,5.389488630144001e9,0.29842131283479034,60942.82279845546,119.30482596114776,9.144906621116514e-42,131.69951239996672,97.07738814648631,3646.9647496550424,109593.08539606397,0.8488883255152656
27.0,0.3076910371482956,5.234556296553903,0.15930018714107452,0.661,2.4e7,130889.20958318948,53285.46151673694,4.625634864612631e9,234.4294982811441,1.3684555315672042e-48,0.10736804186842204,0.12458486526985486,0.0378606142767464,0.031096989437766637,0.10807807803064358,0.011645718715140451,0.07936569240142605,2.27965479668209e6,508.0601479982782,157.2919684455775,77.13752983556658,10.262419595094743,8.586027716600731e-32,6.394255382008433e6,1.4983734243740125e7,2.781052801918926e8,1638.359933920841,5.2636137779496086e8,4.117404965863775e7,1.5254906464897445e6,53285.46151673694,0.1,300.0,59019.889761577455,5.503061640848917e9,0.30470996156818664,58005.551314429445,120.5560053376522,4.316779740115724e-36,134.4052204506214,101.89254255818518,3651.5800222001453,123490.77191557946,0.867948593909094
28.0,0.2989748707199957,5.264306988914326,0.1558940575670702,0.661,2.4e7,142762.16893718927,58625.60740699476,4.651261166727545e9,254.79135551592756,0.0,0.10563101740882204,0.1318121703838979,0.038634702687470775,0.0286611931931315,0.1073821171932937,0.010471857594916055,0.07740694153846803,2.2673803344875914e6,481.03121317132957,172.23108777656083,82.56026773936674,9.47958676672109,4.2279642092810693e-35,7.035072888839371e6,1.747639836618567e7,3.2183281119200695e8,1618.4803816119334,5.710946510731895e8,4.1301836787046045e7,1.5627924054018655e6,58625.60740699476,0.1,300.0,65587.70760619995,5.627210888517391e9,0.31158422703232214,55157.45063943818,121.83932552543956,1.952625332128773e-39,137.18059873855213,106.81064188621907,3644.8769434979117,138777.6571784824,0.8851597574677904
29.0,0.28916898783567685,5.298341834022381,0.15220385012767765,0.661,2.4e7,155725.22406436884,64452.20739429825,4.678745171219185e9,276.7838224334578,0.0,0.10378074024643227,0.13922657307223746,0.039321446628208044,0.02629762378758399,0.10653343061862779,0.0093830012469349,0.07545718439997552,2.2534206000013105e6,453.92582368258707,188.53672682946188,88.2470956039959,8.735682544251992,0.0,7.734264887315789e6,2.0411767529216204e7,3.72993869791354e8,1593.0776550075782,6.233204817946792e8,4.143968108784824e7,1.6016473478867144e6,64452.20739429825,0.1,300.0,72822.99456034478,5.7621248304189825e9,0.31905454427762225,52392.204907634856,123.11250792649453,0.0,139.9703456465126,111.80361049260719,3625.678485492648,155514.15251631942,0.9005779000309094
30.0,0.27838960615230024,5.337311526711449,0.14821597260120925,0.661,2.4e7,169810.25111010656,70778.69475417658,4.707831654272177e9,300.4166143110474,0.0,0.10182386493165316,0.14681396445325354,0.03992206950830078,0.02402016406817189,0.10552745917575486,0.008377878357381038,0.07351459950548475,2.2375686318498077e6,426.75868050910213,206.2477963646481,94.1688179463993,8.028365418397998,0.0,8.49344337050119e6,2.3868078873744052e7,4.32849922202912e8,1561.8214515952448,6.842845599191585e8,4.158518193664547e7,1.6411916851868578e6,70778.69475417658,0.1,300.0,80750.4547492562,5.907816543923299e9,0.32712163740252376,49703.039076071334,124.3291612475636,0.0,142.70974038888463,116.83619365271194,3592.7632787135426,173743.6220780738,0.9142879474117489
31.0,0.2634320241026128,5.394344731393775,0.14510834342491288,0.661,2.4e7,180513.92206247826,85706.55474009723,4.756454596103175e9,343.7691744982921,0.0,0.10829868578315385,0.16037141656810805,0.04578369759390046,0.02141824021031506,0.08813702824196097,0.007350103465464873,0.06864082813709677,2.2145063741877526e6,398.6332899491836,233.11405942453055,110.65511507376154,7.378531209482623,6.644912134371616e-36,1.0284786568811668e7,2.4000199664077345e7,4.457119140381075e8,1520.8970972440009,6.988172342611217e8,4.1820182123099476e7,1.4707365949567088e6,85706.55474009723,0.1,300.0,76731.03414350173,6.236734237320633e9,0.3453341340374172,47731.91005096724,138.52558646537204,2.3866717292019313e-40,124.86189515427368,140.36492647800722,3561.4556471465253,232951.74039236477,0.9155242721030219
32.0,0.23803274084532924,5.49102540400036,0.1402913921509177,0.661,2.4e7,196036.01240799142,109089.428739137,4.850743433950164e9,409.56820735913556,0.0,0.11663308480879901,0.175603688171878,0.05297328162234127,0.01819208466729018,0.06736188006639951,0.006163833189571293,0.06307214747372074,2.1761003783834893e6,368.4044655756659,274.3730975068138,135.19510985232176,6.7325561057310095,8.998625610106967e-34,1.309073144869644e7,2.4000199885693632e7,4.625475868632767e8,1464.9063474341024,7.19111990442828e8,4.236857328935754e7,1.2584596185898134e6,109089.428739137,0.1,300.0,69231.29441165096,6.771263594349003e9,0.37493155103911735,45888.03824727315,162.32343023643304,2.9755154775891594e-38,103.83370656292561,176.7084242454848,3501.4530469606725,326672.22436352546,0.9168675345090748
33.0,0.19556219854775841,5.6911222501209675,0.13140479279403022,0.661,2.4e7,224987.71962547168,151256.35391794727,5.053186334712591e9,526.6474733449569,0.0,0.1269078229077772,0.19237371586734728,0.0617975732933367,0.01401133376600765,0.04339686556748517,0.004706422512006648,0.05680626608603936,2.100154473685885e6,333.0454944238074,349.4126761491757,177.23479719578117,6.0339496781364295,0.0,1.815076247015367e7,2.400019995577123e7,4.929077741132617e8,1379.8436154151295,7.571917449538091e8,4.3666814984534904e7,991211.3200918392,151256.35391794727,0.1,300.0,56713.80772333726,7.768385382676062e9,0.43014316661816043,44202.92172780434,207.31441957425906,0.0,78.51708852446116,241.9655094475652,3376.5888933676333,495091.33283356624,0.9195354040359073
34.0,0.11796381133525763,6.445613358357937,0.10709798560062961,0.661,2.4e7,312437.4029033814,263630.93401451875,5.682247169927451e9,838.2981297245594,0.0,0.13962491578490643,0.2097327332245467,0.07382307000764655,0.007902987525373498,0.016473543634267104,0.0026470043596842087,0.04979574546357552,1.8548197529947525e6,274.26689514921986,556.2110553670294,282.08707435753007,4.954769292354915,3.9131503112973627e-32,3.163571208174225e7,2.4000199988486387e7,5.738174723062357e8,1183.6540715875485,8.62382329514868e8,4.7955516845031835e7,603778.8912867724,263630.93401451875,0.1,300.0,33888.407453927124,1.0515488652246283e10,0.5822529804136973,42979.101648829426,333.013661235288,1.0984484949684119e-36,43.51619002835995,422.01914641041384,2973.7200565398934,936849.6878109421,0.9282607489168176
35.0,9.968801376013245e-5,6.155172856952773,0.1445666487237956,0.661,2.4e7,107.45322582366067,36.166980357438554,1.0297917750995714e10,0.11879194267594102,0.0,2.0058966665338985e-6,3.235052413548592e-6,0.49998357918617686,5.8869013787469256e-6,1.47674942521652e-7,3.442948700145583e-6,1.7023397216155649e-6,1.9377193130953144e6,1.0383906928561875,0.11879194267594102,0.0,0.026334123942923157,1.0666589614189002,4337.193218995509,2.3945714021412775e7,3.831574645684618e8,4.666832306125116,8.822629913430034e8,9.363034976897736e7,14847.265211655333,36.14327682496258,0.1,300.0,19.32368439461657,1.0298822184294415e10,0.5545809615463217,13123.149745355726,0.04209913772779938,2.7609513193121878e-5,0.03766758193968683,9465.595764484127,7.283762349110688,238.12249838723983,0.9288978917439704
